,Word,Frequency
0,dados,136
1,descrição,63
2,conhecimento,47
3,experiência,43
4,requisitos,35
5,nan,35
6,análise,34
7,bi,33
8,processos,30
9,power,30
10,empresa,29
11,áreas,27
12,outros,27
13,área,27
14,avançado,26
15,negócio,24
16,desenvolver,24
17,•,24
18,ferramentas,22
19,relatórios,22
20,atividades,21
21,sql,21
22,nível,20
23,dashboards,19
24,indicadores,18
25,excel,18
26,inglês,18
27,sistemas,18
28,desenvolvimento,18
29,pessoas,17
30,fazer,17
31,superior,17
32,analisar,17
33,qualidade,16
34,trabalho,16
35,organização,16
36,clientes,15
37,informações,15
38,python,15
39,·,14
40,serviços,13
41,banco,13
42,desejável,13
43,intermediário,13
44,principais,12
45,através,12
46,kpis,12
47,idiomas,12
48,projetos,12
49,saúde,11
50,cada,11
51,programação,11
52,resultados,11
53,acompanhamento,11
54,completo,11
55,ferramenta,11
56,vida,10
57,trabalhar,10
58,análises,10
59,demais,10
60,tecnologia,10
61,estratégias,10
62,linguagem,10
63,office,10
64,ter,10
65,–,10
66,brasil,9
67,equipe,9
68,recursos,9
69,responsabilidades,9
70,base,9
71,performance,9
72,criar,9
73,bp,9
74,produtos,8
75,gente,8
76,objetivo,8
77,time,8
78,melhoria,8
79,learning,8
80,responsável,8
81,gestão,8
82,visando,8
83,ensino,8
84,computação,8
85,eou,8
86,pacote,8
87,diferencial,8
88,modelagem,8
89,extrair,8
90,atendimento,8
91,greenpeace,8
92,doações,8
93,operacionais,8
94,elaborar,8
95,todos,7
96,busca,7
97,parte,7
98,decisão,7
99,realizar,7
100,garantir,7
101,manutenção,7
102,sendo,7
103,visão,7
104,informação,7
105,engenharia,7
106,tecnologias,7
107,diferentes,7
108,apoio,7
109,coleta,7
110,times,7
111,identificar,7
112,oportunidades,7
113,sobre,7
114,políticas,7
115,mercado,7
116,preços,7
117,outras,7
118,estatística,7
119,capacidade,7
120,conhecimentos,7
121,seguros,7
122,gerenciais,7
123,equipes,7
124,novos,7
125,etl,7
126,manter,7
127,diversas,7
128,inclusão,7
129,formação,7
130,administração,7
131,crm,7
132,gerar,7
133,comerciais,7
134,sistema,6
135,mundo,6
136,analista,6
137,processo,6
138,transformar,6
139,dentro,6
140,machine,6
141,automação,6
142,necessário,6
143,ciência,6
144,correlatas,6
145,operação,6
146,negócios,6
147,metodologias,6
148,integração,6
149,comercial,6
150,vai,6
151,insights,6
152,data,6
153,internos,6
154,grandes,6
155,soluções,6
156,todo,6
157,colaboradores,6
158,profissional,6
159,valores,6
160,geração,6
161,seguro,6
162,organizar,6
163,pra,6
164,olhar,5
165,buscando,5
166,promover,5
167,analytics,5
168,business,5
169,objetivos,5
170,local,5
171,global,5
172,todas,5
173,controle,5
174,atuar,5
175,referência,5
176,atender,5
177,demandas,5
178,manipulação,5
179,foco,5
180,domínio,5
181,inteligência,5
182,estudos,5
183,criação,5
184,relevantes,5
185,cliente,5
186,acompanhar,5
187,implementação,5
188,financeiro,5
189,ti,5
190,vba,5
191,visualização,5
192,consultas,5
193,r,5
194,bancos,5
195,cloud,5
196,decisões,5
197,financeira,5
198,construir,5
199,cpfl,5
200,melhores,5
201,segurança,5
202,grupo,5
203,apresentações,5
204,faturamento,5
205,monitorar,5
206,reports,5
207,além,5
208,automatizar,5
209,assegurar,5
210,bem,5
211,procedimentos,5
212,ciências,5
213,salesforce,5
214,h,5
215,dia,5
216,azul,5
217,mobilidade,4
218,vem,4
219,contamos,4
220,excelência,4
221,tomadas,4
222,estrutura,4
223,disponíveis,4
224,unidades,4
225,construção,4
226,melhorias,4
227,suportar,4
228,graduação,4
229,completa,4
230,intelligence,4
231,comunicação,4
232,avançada,4
233,elaboração,4
234,meio,4
235,novas,4
236,otimizar,4
237,perfil,4
238,pricing,4
239,entendimento,4
240,política,4
241,partir,4
242,tomada,4
243,responsabilidade,4
244,onde,4
245,operações,4
246,controles,4
247,atuação,4
248,relacionamento,4
249,técnicas,4
250,códigos,4
251,métodos,4
252,x,4
253,mil,4
254,anos,4
255,atendemos,4
256,ambiente,4
257,colaboração,4
258,desempenho,4
259,prática,4
260,tudo,4
261,forma,4
262,crescimento,4
263,diversidade,4
264,venha,4
265,diariamente,4
266,único,4
267,paulo,4
268,cobrança,4
269,aderir,4
270,planilhas,4
271,executar,4
272,estruturas,4
273,incluindo,4
274,cargo,4
275,configurar,4
276,vez,4
277,prazos,4
278,parceiros,4
279,oracle,4
280,server,4
281,dias,4
282,prazer,4
283,move,4
284,milhão,4
285,ano,4
286,httpswwwbporgbrunidadepaulista,4
287,paixão,4
288,pintura,4
289,funcionários,4
290,plsql,4
291,vagas,4
292,campanhas,4
293,rio,3
294,transporte,3
295,vaga,3
296,humanos,3
297,acreditamos,3
298,sempre,3
299,tendências,3
300,people,3
301,aplicativos,3
302,conceitos,3
303,apps,3
304,rh,3
305,etc,3
306,planos,3
307,rpa,3
308,valor,3
309,ações,3
310,maneira,3
311,posição,3
312,essencial,3
313,armazém,3
314,via,3
315,rotinas,3
316,mapeamento,3
317,prérequisitos,3
318,bases,3
319,desafios,3
320,fontes,3
321,artificial,3
322,tratamento,3
323,padrões,3
324,linguagens,3
325,grande,3
326,voltados,3
327,desenvolvendo,3
328,ampla,3
329,airflow,3
330,relacionais,3
331,azure,3
332,hibrido,3
333,presencial,3
334,centro,3
335,modelo,3
336,conjuntos,3
337,métricas,3
338,junto,3
339,vivência,3
340,campinassp,3
341,sustentável,3
342,analíticos,3
343,buscamos,3
344,cursos,3
345,disponibilidade,3
346,auxílio,3
347,visões,3
348,imprescindível,3
349,maior,3
350,contribuir,3
351,mensais,3
352,armazenamento,3
353,execução,3
354,extração,3
355,integrações,3
356,mudanças,3
357,database,3
358,rede,3
359,softwares,3
360,fluente,3
361,cursando,3
362,necessidades,3
363,risco,3
364,otimização,3
365,produção,3
366,modo,3
367,utilizando,3
368,operacional,3
369,afins,3
370,suporte,3
371,financeiros,3
372,finalidade,3
373,redução,3
374,entregas,3
375,assegurada,3
376,hyundai,3
377,departamento,3
378,tableau,3
379,internas,3
380,começar,3
381,gostaríamos,3
382,convite,3
383,valorizar,3
384,juntos,3
385,beneficência,3
386,portuguesa,3
387,linda,3
388,trajetória,3
389,marcada,3
390,transformações,3
391,trazem,3
392,muita,3
393,ficar,3
394,discurso,3
395,ir,3
396,verdade,3
397,médicos,3
398,simbolizam,3
399,cuidado,3
400,médicohospitalar,3
401,especialidades,3
402,cardiologia,3
403,oncologia,3
404,neurologia,3
405,proteção,3
406,zero,3
407,auto,3
408,usando,3
409,seres,3
410,gaps,3
411,comércio,3
412,conformidade,3
413,marketing,3
414,jornadas,3
415,cidades,2
416,solução,2
417,pagamento,2
418,benefícios,2
419,tal,2
420,luxottica,2
421,ajudar,2
422,proporcionar,2
423,produto,2
424,altíssima,2
425,leva,2
426,autoestima,2
427,estilo,2
428,enxergar,2
429,beleza,2
430,novo,2
431,sp,2
432,mundial,2
433,fazemos,2
434,diferença,2
435,contínua,2
436,eficazes,2
437,ainda,2
438,quais,2
439,críticos,2
440,absenteísmo,2
441,produtividade,2
442,apresentados,2
443,jornada,2
444,horas,2
445,identificação,2
446,desvios,2
447,ação,2
448,apoiar,2
449,parceria,2
450,uso,2
451,serviço,2
452,importantes,2
453,estratégica,2
454,fornecedores,2
455,melhor,2
456,descritivo,2
457,logístico,2
458,obtidas,2
459,monitorando,2
460,definição,2
461,baseadas,2
462,fluxos,2
463,cronometria,2
464,específicas,2
465,quanto,2
466,access,2
467,engenharias,2
468,técnico,2
469,noções,2
470,ágeis,2
471,diretrizes,2
472,relacionadas,2
473,dinâmicas,2
474,diretoria,2
475,resultado,2
476,interpretação,2
477,regras,2
478,mínimo,2
479,diferenciais,2
480,esperamos,2
481,habilidade,2
482,gerir,2
483,volume,2
484,estruturar,2
485,manipular,2
486,interação,2
487,sas,2
488,estruturada,2
489,termos,2
490,volumes,2
491,aplicando,2
492,preparação,2
493,pipelines,2
494,cruzamento,2
495,aplicações,2
496,fortemente,2
497,arquitetura,2
498,aplicação,2
499,alguma,2
500,ex,2
501,kafka,2
502,spark,2
503,dbt,2
504,alteryxknime,2
505,nosql,2
506,talendsap,2
507,slt,2
508,empresas,2
509,barra,2
510,funda,2
511,formato,2
512,home,2
513,ânima,2
514,sul,2
515,comunidade,2
516,aprendizagem,2
517,estudantes,2
518,instituições,2
519,pertencimento,2
520,enxergamos,2
521,faz,2
522,jeito,2
523,sintam,2
524,compliance,2
525,assim,2
526,cientistas,2
527,modelos,2
528,definir,2
529,recomendações,2
530,toda,2
531,práticas,2
532,colaborativa,2
533,inovadora,2
534,problemas,2
535,processamento,2
536,fluxo,2
537,aws,2
538,energia,2
539,oferecer,2
540,trabalhamos,2
541,atuando,2
542,social,2
543,transparência,2
544,valoriza,2
545,diferenças,2
546,pcd,2
547,mulheres,2
548,gerações,2
549,relacionamentos,2
550,prazo,2
551,identifica,2
552,acredita,2
553,compartilhar,2
554,condução,2
555,liderança,2
556,continua,2
557,realizado,2
558,vale,2
559,assistência,2
560,creche,2
561,conforme,2
562,plr,2
563,programa,2
564,relacionados,2
565,vendas,2
566,geral,2
567,fim,2
568,documentos,2
569,conhecer,2
570,microsoft,2
571,google,2
572,profissionais,2
573,função,2
574,arrecadação,2
575,taxa,2
576,sucesso,2
577,físicas,2
578,únicas,2
579,higienização,2
580,recuperação,2
581,crmdatabase,2
582,doadores,2
583,exdoadores,2
584,rotineiras,2
585,garantam,2
586,adequada,2
587,crmbanco,2
588,recorrente,2
589,mês,2
590,preenchimento,2
591,captação,2
592,desenvolvimentos,2
593,utilizados,2
594,respectivas,2
595,globais,2
596,definidas,2
597,globalmente,2
598,observação,2
599,nãoviolência,2
600,dbm,2
601,software,2
602,similares,2
603,coordenar,2
604,transmissão,2
605,origens,2
606,destinos,2
607,programática,2
608,hubspot,2
609,similar,2
610,analítico,2
611,designs,2
612,extract,2
613,transform,2
614,and,2
615,load,2
616,tido,2
617,seniores,2
618,multiculturais,2
619,nacionais,2
620,internacionais,2
621,visual,2
622,basic,2
623,atribuições,2
624,segunda,2
625,sexta,2
626,iniciativa,2
627,espanhol,2
628,crítica,2
629,caixa,2
630,setores,2
631,proposição,2
632,deficiência,2
633,validar,2
634,responsáveis,2
635,externos,2
636,melhorar,2
637,existentes,2
638,emitir,2
639,consolidar,2
640,emissão,2
641,implantação,2
642,custos,2
643,automatização,2
644,mensurar,2
645,otimizações,2
646,habilidades,2
647,dessa,2
648,atitude,2
649,cultivamos,2
650,garantia,2
651,coletar,2
652,família,2
653,cultura,2
654,inclusiva,2
655,etnia,2
656,precisa,2
657,ppt,2
658,akzonobel,2
659,cor,2
660,desde,2
661,portfólio,2
662,conta,2
663,general,2
664,motors,2
665,gm,2
666,apoia,2
667,podem,2
668,cria,2
669,coberturas,2
670,popular,2
671,interesse,2
672,projetar,2
673,selecionadas,2
674,avançadas,2
675,redes,2
676,tratar,2
677,site,2
678,linkedin,2
679,sites,2
680,divulgação,2
681,big,2
682,implantar,2
683,pagamentos,2
684,propor,2
685,realiza,2
686,padrão,2
687,auxilia,2
688,assistentes,2
689,riocard,1
690,bilhetagem,1
691,eletrônica,1
692,utilizado,1
693,maioria,1
694,estado,1
695,janeiro,1
696,tecnológica,1
697,passagens,1
698,integra,1
699,meios,1
700,coletivos,1
701,oferecem,1
702,diversos,1
703,melhoram,1
704,fazendoos,1
705,toseethebeautyoflife,1
706,colaborador,1
707,unidade,1
708,campinas,1
709,líder,1
710,design,1
711,fabricação,1
712,distribuição,1
713,armações,1
714,óculos,1
715,esporte,1
716,moda,1
717,luxo,1
718,proporcionando,1
719,fazêlos,1
720,valioso,1
721,promovendo,1
722,questionador,1
723,método,1
724,antecipar,1
725,proporcionem,1
726,competividade,1
727,desafio,1
728,trabalhando,1
729,célula,1
730,suportem,1
731,preditivas,1
732,temas,1
733,turnover,1
734,antecipadas,1
735,dashbords,1
736,reporte,1
737,operations,1
738,brasila,1
739,compartilhados,1
740,hora,1
741,extra,1
742,férias,1
743,iniciativas,1
744,mitigatórias,1
745,propostas,1
746,relação,1
747,envolvam,1
748,eliminação,1
749,agregado,1
750,oferecidos,1
751,preciso,1
752,candidatar,1
753,fornecendo,1
754,posicionar,1
755,importante,1
756,apaixonado,1
757,transformação,1
758,possua,1
759,sap,1
760,multinacional,1
761,italiana,1
762,locais,1
763,contato,1
764,colegas,1
765,ampliarmos,1
766,horizontes,1
767,estarmos,1
768,conectados,1
769,souber,1
770,italiano,1
771,correlacionamento,1
772,necessidade,1
773,estruturação,1
774,suportando,1
775,atividade,1
776,compete,1
777,utilização,1
778,txt,1
779,dadosbianalytics,1
780,dax,1
781,desejáveis,1
782,automate,1
783,modelagemestatísticamachine,1
784,traduzir,1
785,cia,1
786,preço,1
787,tratase,1
788,dinâmica,1
789,competitividade,1
790,maximização,1
791,compreender,1
792,tragam,1
793,posicionamento,1
794,interpretar,1
795,auxiliem,1
796,key,1
797,user,1
798,detentor,1
799,prover,1
800,quantitativos,1
801,evoluções,1
802,futuras,1
803,obrigatório,1
804,testado,1
805,estatísticas,1
806,prévia,1
807,resiliência,1
808,desempenhar,1
809,mergulhar,1
810,autonomia,1
811,escritório,1
812,janeirorj,1
813,estudo,1
814,wrangling,1
815,especificar,1
816,reportes,1
817,mapear,1
818,corporativos,1
819,interligadas,1
820,sinistros,1
821,macros,1
822,crucial,1
823,proficiência,1
824,guide,1
825,simular,1
826,avançados,1
827,principalmente,1
828,qliksense,1
829,flexível,1
830,familiarizado,1
831,características,1
832,demonstrativo,1
833,dre,1
834,lógica,1
835,compreensão,1
836,diagrama,1
837,entidade,1
838,dermer,1
839,interagindo,1
840,detalhar,1
841,pré,1
842,ferramenttas,1
843,snowflakedatabrickssynapse,1
844,documentação,1
845,preditiva,1
846,deep,1
847,varejo,1
848,interage,1
849,detalha,1
850,conheça,1
851,ecossistema,1
852,começamos,1
853,maio,1
854,atualmente,1
855,estados,1
856,regiões,1
857,sudeste,1
858,nordeste,1
859,centrooeste,1
860,reunindo,1
861,cerca,1
862,composta,1
863,educadores,1
864,distribuídos,1
865,multidisciplinar,1
866,transmite,1
867,detalhe,1
868,formas,1
869,educação,1
870,essência,1
871,estimuladas,1
872,empreendedores,1
873,ouvintes,1
874,atentos,1
875,abertos,1
876,aprendizado,1
877,constante,1
878,gostem,1
879,saibam,1
880,liderar,1
881,ativa,1
882,investimentos,1
883,corretora,1
884,independente,1
885,soma,1
886,tradição,1
887,longa,1
888,respaldada,1
889,técnica,1
890,altamente,1
891,qualificada,1
892,segue,1
893,rigorosos,1
894,governança,1
895,plural,1
896,conseguimos,1
897,oferta,1
898,diversificados,1
899,brasileiras,1
900,país,1
901,possível,1
902,humano,1
903,inclusivo,1
904,ricos,1
905,acionáveis,1
906,ajudarão,1
907,designers,1
908,pos,1
909,engenheiros,1
910,formulação,1
911,avaliação,1
912,hipóteses,1
913,apoiem,1
914,produtizar,1
915,avaliar,1
916,dar,1
917,aumento,1
918,engajamento,1
919,retenção,1
920,comportamento,1
921,usuários,1
922,avaliem,1
923,defensor,1
924,informada,1
925,gerando,1
926,mentorar,1
927,disseminar,1
928,boas,1
929,matemática,1
930,proficiente,1
931,pessoa,1
932,jogar,1
933,facilidade,1
934,ingestão,1
935,lakes,1
936,orquestração,1
937,nifi,1
938,tradicionais,1
939,trabalhado,1
940,nuvem,1
941,gcp,1
942,quicksight,1
943,versionamento,1
944,código,1
945,git,1
946,provisionamento,1
947,estratégico,1
948,inovamos,1
949,entregar,1
950,alcançar,1
951,geramos,1
952,integridade,1
953,colaboradoras,1
954,caminha,1
955,respeita,1
956,plurais,1
957,lgbtqiap,1
958,negras,1
959,nacionalidades,1
960,motivação,1
961,longo,1
962,pode,1
963,crescer,1
964,infra,1
965,gerenciadiretoria,1
966,om,1
967,kpi,1
968,drivers,1
969,apontamento,1
970,apontando,1
971,realizadas,1
972,vinculadas,1
973,auditoria,1
974,interna,1
975,externa,1
976,point,1
977,oferecemos,1
978,refeição,1
979,médica,1
980,odontológica,1
981,elegibilidade,1
982,gympass,1
983,fale,1
984,comigo,1
985,assessoria,1
986,gratuita,1
987,sigilosa,1
988,telefone,1
989,psicológico,1
990,jurídico,1
991,fonoaudiólogo,1
992,controlar,1
993,gráficos,1
994,dashboard,1
995,afinidade,1
996,bom,1
997,interpessoal,1
998,início,1
999,imediato,1
1000,estagiar,1
1001,presencialmente,1
1002,familiaridade,1
1003,studio,1
1004,pequeno,1
1005,príncipe,1
1006,complexo,1
1007,hospitalar,1
1008,exclusivamente,1
1009,pediátrico,1
1010,pratica,1
1011,humanizado,1
1012,reflete,1
1013,amor,1
1014,criança,1
1015,aprimoramento,1
1016,técnicocientífico,1
1017,demonstra,1
1018,democratização,1
1019,traduz,1
1020,multiplicação,1
1021,hospital,1
1022,preocupa,1
1023,pacientes,1
1024,doenças,1
1025,fundação,1
1026,faculdade,1
1027,medicinaentidade,1
1028,fins,1
1029,lucrativos,1
1030,seleciona,1
1031,exercer,1
1032,seguinte,1
1033,informática,1
1034,correlatadas,1
1035,residir,1
1036,vitória,1
1037,vila,1
1038,velha,1
1039,serra,1
1040,cariacica,1
1041,pipefy,1
1042,erp,1
1043,dentre,1
1044,carga,1
1045,horária,1
1046,intervalo,1
1047,utilizar,1
1048,compras,1
1049,abastecimento,1
1050,corporativas,1
1051,adequadas,1
1052,comunicativo,1
1053,queira,1
1054,direcionadas,1
1055,manipulando,1
1056,estratégicos,1
1057,atuais,1
1058,controlados,1
1059,atualizados,1
1060,adhoc,1
1061,tendência,1
1062,granularidades,1
1063,considerado,1
1064,monitoramentos,1
1065,orçamento,1
1066,slas,1
1067,prestadores,1
1068,valorizamos,1
1069,vindas,1
1070,criticamente,1
1071,solicitar,1
1072,esclarecimentos,1
1073,variações,1
1074,atualizar,1
1075,enviálos,1
1076,próativa,1
1077,entrega,1
1078,desses,1
1079,esperados,1
1080,relativos,1
1081,cumprir,1
1082,entregues,1
1083,aperfeiçoar,1
1084,ampliar,1
1085,geridas,1
1086,enviar,1
1087,informados,1
1088,book,1
1089,parceiro,1
1090,dúvidas,1
1091,fornecer,1
1092,econômicas,1
1093,atuariais,1
1094,síntese,1
1095,raciocínio,1
1096,lógico,1
1097,sistêmica,1
1098,maiores,1
1099,administrador,1
1100,realizará,1
1101,instalação,1
1102,configuração,1
1103,mysql,1
1104,postgres,1
1105,db,1
1106,atendará,1
1107,backup,1
1108,restauração,1
1109,monitoraçãodeployment,1
1110,capaz,1
1111,solucionar,1
1112,exadata,1
1113,contratação,1
1114,clt,1
1115,full,1
1116,am,1
1117,bolsa,1
1118,pósgraduação,1
1119,livres,1
1120,botafogorj,1
1121,horário,1
1122,presenciais,1
1123,remoto,1
1124,certificação,1
1125,rac,1
1126,implementar,1
1127,alternativas,1
1128,logísticas,1
1129,adequar,1
1130,analises,1
1131,logísticos,1
1132,possibilitem,1
1133,negociação,1
1134,formalização,1
1135,ajustes,1
1136,final,1
1137,realizando,1
1138,negociações,1
1139,antigos,1
1140,financeiras,1
1141,treinando,1
1142,adotados,1
1143,específicos,1
1144,agilidade,1
1145,tomar,1
1146,logística,1
1147,eng,1
1148,suzano,1
1149,aqui,1
1150,inovação,1
1151,sustentabilidade,1
1152,caminham,1
1153,juntas,1
1154,união,1
1155,nasce,1
1156,plena,1
1157,significado,1
1158,inovabilidade,1
1159,pautados,1
1160,pensamos,1
1161,longe,1
1162,lidar,1
1163,século,1
1164,plantamos,1
1165,árvores,1
1166,matéria,1
1167,prima,1
1168,renovável,1
1169,bioprodutos,1
1170,dois,1
1171,bilhões,1
1172,folha,1
1173,caderno,1
1174,alfabetiza,1
1175,crianças,1
1176,fralda,1
1177,protege,1
1178,bebês,1
1179,copo,1
1180,café,1
1181,prejudica,1
1182,papéis,1
1183,absorventes,1
1184,comodidade,1
1185,embalagem,1
1186,vídeo,1
1187,httpsyoutubepqemxklbtm,1
1188,quer,1
1189,possa,1
1190,influenciar,1
1191,unir,1
1192,exploratória,1
1193,predição,1
1194,manuais,1
1195,erros,1
1196,dasboard,1
1197,integrar,1
1198,areas,1
1199,hmb,1
1200,montagem,1
1201,qc,1
1202,motores,1
1203,qa,1
1204,auxiliar,1
1205,atingir,1
1206,metas,1
1207,repetitivos,1
1208,concorrer,1
1209,peças,1
1210,automotivas,1
1211,construímos,1
1212,verdadeira,1
1213,familiahyundai,1
1214,guias,1
1215,contribuem,1
1216,continuamente,1
1217,envoltos,1
1218,enorme,1
1219,orgulhodepertencer,1
1220,proudtobe,1
1221,posições,1
1222,destinadas,1
1223,respeitamos,1
1224,equidade,1
1225,gênero,1
1226,lgbtqi,1
1227,raça,1
1228,história,1
1229,powerpoint,1
1230,storetelling,1
1231,monitorias,1
1232,acessar,1
1233,alimentar,1
1234,formatar,1
1235,apresentação,1
1236,endereço,1
1237,rua,1
1238,alexandre,1
1239,dumas,1
1240,chacará,1
1241,santo,1
1242,antonio,1
1243,zona,1
1244,intermediárioavançado,1
1245,call,1
1246,center,1
1247,conecta,1
1248,inspira,1
1249,oferecendo,1
1250,construções,1
1251,sagrada,1
1252,estádio,1
1253,maracanã,1
1254,valorizando,1
1255,obras,1
1256,arte,1
1257,paredes,1
1258,museu,1
1259,van,1
1260,gogh,1
1261,participando,1
1262,interespaciais,1
1263,explorar,1
1264,planetas,1
1265,marte,1
1266,concretizam,1
1267,presente,1
1268,vivenciamos,1
1269,torna,1
1270,agradável,1
1271,inspiradora,1
1272,fazem,1
1273,levando,1
1274,volta,1
1275,marcas,1
1276,classe,1
1277,coral,1
1278,sparlack,1
1279,international,1
1280,sikkens,1
1281,wanda,1
1282,interpon,1
1283,confiança,1
1284,sede,1
1285,holanda,1
1286,presença,1
1287,países,1
1288,talentosos,1
1289,entregam,1
1290,alto,1
1291,juntese,1
1292,apoiando,1
1293,ocupar,1
1294,cadeira,1
1295,híbrido,1
1296,região,1
1297,caetano,1
1298,sulsp,1
1299,juntar,1
1300,indústria,1
1301,automotiva,1
1302,acidente,1
1303,congestionamento,1
1304,almeja,1
1305,devemos,1
1306,escolha,1
1307,individual,1
1308,coletivamente,1
1309,impulsionar,1
1310,significativas,1
1311,palavras,1
1312,atos,1
1313,filosofia,1
1314,work,1
1315,appropriate,1
1316,fornece,1
1317,flexibilidade,1
1318,impacto,1
1319,consecução,1
1320,dependendo,1
1321,querem,1
1322,independentemente,1
1323,origem,1
1324,preferências,1
1325,localização,1
1326,pertencem,1
1327,comprometida,1
1328,apenas,1
1329,livre,1
1330,discriminação,1
1331,realmente,1
1332,promove,1
1333,acreditam,1
1334,firmemente,1
1335,força,1
1336,prosperar,1
1337,abraçam,1
1338,variedade,1
1339,ganham,1
1340,experiências,1
1341,pessoais,1
1342,educacionais,1
1343,voluntárias,1
1344,porto,1
1345,oferece,1
1346,simples,1
1347,competitivos,1
1348,deixar,1
1349,possui,1
1350,automóvel,1
1351,buscam,1
1352,exemplo,1
1353,leve,1
1354,opção,1
1355,acessível,1
1356,atende,1
1357,público,1
1358,enxutas,1
1359,hoje,1
1360,seguradora,1
1361,corretores,1
1362,pioneira,1
1363,lançamento,1
1364,modalidade,1
1365,têm,1
1366,direito,1
1367,participar,1
1368,expor,1
1369,opiniões,1
1370,cooperação,1
1371,justiça,1
1372,genuíno,1
1373,fundamentais,1
1374,vontade,1
1375,aprender,1
1376,gostaria,1
1377,colaborativo,1
1378,faça,1
1379,timeazulseguros,1
1380,ajudam,1
1381,obter,1
1382,visar,1
1383,conduzir,1
1384,aprofundadas,1
1385,estratégicas,1
1386,qualificações,1
1387,último,1
1388,ler,1
1389,preparar,1
1390,carregar,1
1391,solicitado,1
1392,gerenciar,1
1393,distribuído,1
1394,serem,1
1395,tomadores,1
1396,computadores,1
1397,publicidade,1
1398,extratores,1
1399,comparar,1
1400,tabular,1
1401,apresentando,1
1402,estruturado,1
1403,elaborando,1
1404,automatizando,1
1405,ágil,1
1406,scrum,1
1407,publicadas,1
1408,sociais,1
1409,instagram,1
1410,gruposeresconsultoria,1
1411,facebook,1
1412,total,1
1413,podendo,1
1414,retransmitidas,1
1415,autorização,1
1416,mesma,1
1417,algumas,1
1418,divulgadas,1
1419,anúncio,1
1420,gratuito,1
1421,expandir,1
1422,atração,1
1423,candidatos,1
1424,aderentes,1
1425,divulgado,1
1426,seguem,1
1427,confidencialidade,1
1428,sigilo,1
1429,previstos,1
1430,pea,1
1431,lei,1
1432,caso,1
1433,identificado,1
1434,credenciadofavor,1
1435,comunicar,1
1436,reportando,1
1437,imediatamente,1
1438,cpdgruposerescombr,1
1439,credenciados,1
1440,abler,1
1441,empregos,1
1442,catho,1
1443,jobs,1
1444,adzuna,1
1445,glassdoor,1
1446,indeed,1
1447,subsidiar,1
1448,coletados,1
1449,ajudem,1
1450,interface,1
1451,executivas,1
1452,pbi,1
1453,spss,1
1454,assertiva,1
1455,analítica,1
1456,massa,1
1457,requisito,1
1458,executados,1
1459,maximizar,1
1460,eficiência,1
1461,diários,1
1462,registrados,1
1463,planejado,1
1464,indicador,1
1465,estratificando,1
1466,correlacionando,1
1467,corte,1
1468,recorte,1
1469,religação,1
1470,causas,1
1471,conjunto,1
1472,correspondam,1
1473,registro,1
1474,incidências,1
1475,informáticos,1
1476,evolutivas,1
1477,capacitação,1
1478,analisados,1
1479,tratando,1
1480,brutos,1
1481,discutir,1
1482,tais,1
1483,suprimentos,1
1484,controladoria,1
1485,assumir,1
1486,conduzindo,1
1487,consultiva,1
1488,melhoras,1
1489,analisadas,1
1490,coletas,1
1491,centralizado,1
1492,fontesbancos,1
1493,entendendo,1
1494,anomalias,1
1495,geram,1
1496,modernizando,1
1497,melhorando,1
1498,detectar,1
1499,perdas,1
1500,possuir,1
1501,tableaupower,1
1502,fornecemos,1
1503,restaurante,1
1504,cartão,1
1505,alimentação,1
1506,lucros,1
1507,convênio,1
1508,médico,1
1509,odontológico,1
1510,orçamentário,1
1511,receita,1
1512,alunos,1
1513,estendem,1
1514,pcds,1
1515,sólido,1
1516,dadosvba,1
1517,revisão,1
1518,disposição,1
1519,blocos,1
1520,pedidos,1
1521,executa,1
1522,auditorias,1
1523,sob,1
1524,supervisão,1
1525,materiais,1
1526,treinamento,1
1527,desenvolve,1
1528,disciplinas,1
1529,suporta,1
1530,registros,1
1531,abrangem,1
1532,obtendo,1
1533,economia,1
1534,aibi,1
1535,interfaces,1
1536,provedores,1
1537,audita,1
1538,importações,1
1539,exportações,1
1540,impostos,1
1541,indiretos,1
1542,sapdesejável,1
1543,api,1
1544,desenhar,1
1545,planejar,1
1546,disparos,1
1547,segmentar,1
1548,gatilhos,1
1549,personalização,1
1550,auditar,1
1551,consistência,1
1552,personalizar,1
1553,adequação,1
1554,construirmos,1
1555,histórico,1
1556,comportamentos,1
1557,insumos,1
1558,enriquecer,1
1559,corretas,1
1560,atualizadas,1
1561,inputs,1
1562,companhia,1
1563,monitoramento,1
1564,analíticas,1
1565,powerbi,1
1566,levantar,1
1567,produzidos,1
1568,setor,1
1569,propondo,1
1570,sistêmicas,1
1571,aumentar,1
1572,execuções,1
1573,visibilidade,1
1574,direcionamento,1
1575,traçando,1
1576,contínuas,1
1577,operacionalizar,1
1578,juntamente,1
1579,auxiliares,1
1580,estagiários,1
1581,jovens,1
1582,aprendizes,1
1583,considerando,1
1584,situação,1
1585,primando,1
1586,cumprimento,1
1587,horários,1
1588,externas,1
1589,reunir,1
1590,resumir,1
1591,sofisticados,1
1592,supervisãocoordenação,1
1593,descritas,1
1594,pertinentes,1
